,_id,name,category_code,number_of_employees,founded_year,deadpooled_year,description,latitude,longitude,country,state,city,monedas,total_amount_raised,geo,num_companies,num_employees,total_money
0,5d83a90255488441b3fff55a,Plaxo,web,50,2002.0,,Contact Management,37.387845,-122.055197,USA,CA,Sunnyvale,Dolares estadounidenses,28300000.0,"{'type': 'Point', 'coordinates': [-122.055197, 37.387845]}",1,50,28300000.0
1,5d83a90255488441b3fff55b,Kyte,games_video,40,2006.0,,Online & Mobile Video Platform,37.788482,-122.409173,USA,CA,San Francisco,Dolares estadounidenses,23400000.0,"{'type': 'Point', 'coordinates': [-122.409173, 37.788482]}",14,1532,545170000.0
2,5d83a90255488441b3fff55c,Twitter,social,1300,2006.0,,Real time communication platform,37.7768052,-122.4169244,USA,CA,San Francisco,Dolares estadounidenses,1160000000.0,"{'type': 'Point', 'coordinates': [-122.4169244, 37.7768052]}",3,1487,1233400000.0
3,5d83a90255488441b3fff55d,eBay,web,15000,1995.0,,Online Marketplace,37.295005,-121.930035,USA,CA,San Jose,Dolares estadounidenses,6700000.0,"{'type': 'Point', 'coordinates': [-121.930035, 37.295005]}",2,15028,8210000.0
4,5d83a90255488441b3fff55e,Jajah,mobile,110,2005.0,,IP Communications Platform,37.4233896,-122.0899512,USA,CA,Mountain View,Dolares estadounidenses,33000000.0,"{'type': 'Point', 'coordinates': [-122.0899512, 37.4233896]}",7,9120,224100000.0
5,5d83a90255488441b3fff55f,Meetup,web,75,2002.0,,Local community,40.72604,-73.995722,USA,NY,New York,Dolares estadounidenses,18300000.0,"{'type': 'Point', 'coordinates': [-73.995722, 40.72604]}",8,8533,1128150000.0
6,5d83a90255488441b3fff560,Livestream,games_video,120,2007.0,,Live streaming platform and website,40.726155,-73.995625,USA,NY,New York,Dolares estadounidenses,14700000.0,"{'type': 'Point', 'coordinates': [-73.995625, 40.726155]}",8,8533,1128150000.0
7,5d83a90255488441b3fff561,Jingle Networks,mobile,35,2005.0,,Voice and Mobile Search,37.480999,-122.173887,USA,NY,New York,Dolares estadounidenses,88700000.0,"{'type': 'Point', 'coordinates': [-122.173887, 37.480999]}",2,155,132700000.0
8,5d83a90255488441b3fff562,Yahoo!,web,13600,1994.0,,News and On-line directory,37.418531,-122.025485,USA,CA,Sunnyvale,Dolares estadounidenses,6800000.0,"{'type': 'Point', 'coordinates': [-122.025485, 37.418531]}",2,13725,58800000.0
9,5d83a90255488441b3fff563,Ustream,games_video,250,2007.0,,Live Social Video Community,37.392936,-122.07948,USA,CA,San Francisco,Dolares estadounidenses,60100000.0,"{'type': 'Point', 'coordinates': [-122.07948, 37.392936]}",8,1895,457830000.0
10,5d83a90255488441b3fff564,Netvibes,web,35,2005.0,,Dashboard Everything,48.870806,2.34668,FRA,,Paris,Dolares estadounidenses,16000000.0,"{'type': 'Point', 'coordinates': [2.34668, 48.870806]}",1,35,16000000.0
11,5d83a90255488441b3fff565,SideStep,web,75,1999.0,,,37.374998,-121.977853,USA,CA,Santa Clara,Dolares estadounidenses,32000000.0,"{'type': 'Point', 'coordinates': [-121.977853, 37.374998]}",4,295,109100000.0
12,5d83a90255488441b3fff566,Pando Networks,games_video,23,2004.0,,Accelerating large media delivery,40.722655,-73.99873,USA,NY,New York,Dolares estadounidenses,11000000.0,"{'type': 'Point', 'coordinates': [-73.99873, 40.722655]}",7,633,123650000.0
13,5d83a90255488441b3fff567,Pageflakes,web,20,2006.0,,AJAX Homepage Service,37.758113,-122.414689,USA,CA,San Francisco,Dolares estadounidenses,4099999.9999999995,"{'type': 'Point', 'coordinates': [-122.414689, 37.758113]}",1,20,4099999.9999999995
14,5d83a90255488441b3fff568,LinkedIn,social,4800,2003.0,,Professional Social Networking,37.423258,-122.073635,USA,CA,Mountain View,Dolares estadounidenses,200000000.0,"{'type': 'Point', 'coordinates': [-122.073635, 37.423258]}",1,4800,200000000.0
15,5d83a90255488441b3fff569,Meebo,web,200,2005.0,,Organizes the web around people.	,37.393679,-122.079017,USA,CA,Mountain View,Dolares estadounidenses,70000000.0,"{'type': 'Point', 'coordinates': [-122.079017, 37.393679]}",8,1895,457830000.0
16,5d83a90255488441b3fff56a,Eventbrite,web,200,2006.0,,Online event management & ticketing,37.779507,-122.39071,USA,CA,San Francisco,Dolares estadounidenses,140000000.0,"{'type': 'Point', 'coordinates': [-122.39071, 37.779507]}",11,1247,306400000.0
17,5d83a90255488441b3fff56b,iLike,games_video,28,2002.0,,social music discovery site,47.615313,-122.323408,USA,WA,Seattle,Dolares estadounidenses,16500000.0,"{'type': 'Point', 'coordinates': [-122.323408, 47.615313]}",2,118,46500000.0
18,5d83a90255488441b3fff56c,RockYou,games_video,106,2005.0,,Social Gaming Company,37.484619,-122.206893,USA,CA,Redwood City,Dolares estadounidenses,136000000.0,"{'type': 'Point', 'coordinates': [-122.206893, 37.484619]}",1,106,136000000.0
19,5d83a90255488441b3fff56d,Zvents,web,55,2005.0,,Local events and entertainment guides,37.553121,-122.301534,USA,CA,San Mateo,Dolares estadounidenses,31200000.0,"{'type': 'Point', 'coordinates': [-122.301534, 37.553121]}",5,455,212710000.0
20,5d83a90255488441b3fff56e,oDesk,web,120,2005.0,,Online workplace,37.479952,-122.178557,USA,CA,Redwood City,Dolares estadounidenses,44000000.0,"{'type': 'Point', 'coordinates': [-122.178557, 37.479952]}",2,155,132700000.0
21,5d83a90255488441b3fff56f,Flixster,web,75,2006.0,,Movie social networking,37.766909,-122.406676,USA,CA,San Francisco,Dolares estadounidenses,7180000.0,"{'type': 'Point', 'coordinates': [-122.406676, 37.766909]}",4,380,919480000.0
22,5d83a90255488441b3fff570,Bazaarvoice,software,600,2005.0,,Word of mouth marketing,30.407545,-97.717667,USA,TX,Austin,Dolares estadounidenses,131000000.0,"{'type': 'Point', 'coordinates': [-97.717667, 30.407545]}",1,600,131000000.0
23,5d83a90255488441b3fff571,PowerReviews,social,120,,,Social Commerce Solutions,37.779558,-122.393041,USA,CA,San Francisco,Dolares estadounidenses,40100000.0,"{'type': 'Point', 'coordinates': [-122.393041, 37.779558]}",12,1290,316900000.0
24,5d83a90255488441b3fff572,hi5,games_video,100,2003.0,,,37.788668,-122.400558,USA,CA,San Francisco,Dolares estadounidenses,52000000.0,"{'type': 'Point', 'coordinates': [-122.400558, 37.788668]}",20,1910,716470000.0
25,5d83a90255488441b3fff573,GoingOn,software,40,2008.0,,Private Academic Networks,37.782263,-122.392142,USA,CA,San Francisco,Dolares estadounidenses,8500000.0,"{'type': 'Point', 'coordinates': [-122.392142, 37.782263]}",18,1614,459700000.0
26,5d83a90255488441b3fff574,Tagged,social,162,2004.0,,,37.7753,-122.4186,USA,CA,San Francisco,Dolares estadounidenses,28700000.0,"{'type': 'Point', 'coordinates': [-122.4186, 37.7753]}",3,1487,1233400000.0
27,5d83a90255488441b3fff575,Vuze,games_video,20,2005.0,,,37.4858654,-122.2262606,USA,CA,San Mateo,Dolares estadounidenses,34000000.0,"{'type': 'Point', 'coordinates': [-122.2262606, 37.4858654]}",2,80,48800000.0
28,5d83a90255488441b3fff576,PayScale,software,130,1999.0,,Cloud Compensation Software,47.5999337,-122.3276962,USA,WA,Seattle,Dolares estadounidenses,31100000.0,"{'type': 'Point', 'coordinates': [-122.3276962, 47.5999337]}",3,205,45870000.0
29,5d83a90255488441b3fff577,Grockit,social,25,2006.0,,Online social learning games,37.775196,-122.419204,USA,CA,San Francisco,Dolares estadounidenses,44700000.0,"{'type': 'Point', 'coordinates': [-122.419204, 37.775196]}",3,1487,1233400000.0
30,5d83a90255488441b3fff578,BuddyTV,games_video,20,2005.0,,Online TV guide and viewer community,47.61968,-122.356756,USA,WA,Seattle,Dolares estadounidenses,10600000.0,"{'type': 'Point', 'coordinates': [-122.356756, 47.61968]}",3,173,20550000.0
31,5d83a90255488441b3fff579,Curse,games_video,58,2006.0,,Online games media company,37.787092,-122.399972,USA,CA,San Francisco,Dolares estadounidenses,12000000.0,"{'type': 'Point', 'coordinates': [-122.399972, 37.787092]}",23,2500,754270000.0
32,5d83a90255488441b3fff57a,AOL,web,8000,1985.0,,,40.7311317,-73.9919311,USA,NY,New York,Dolares estadounidenses,1000000000.0,"{'type': 'Point', 'coordinates': [-73.9919311, 40.7311317]}",6,8317,1067430000.0
33,5d83a90255488441b3fff57b,Dropbox,software,350,2007.0,,"Always have your stuff, wherever you are",37.7909427,-122.4084994,USA,CA,San Francisco,Dolares estadounidenses,257000000.0,"{'type': 'Point', 'coordinates': [-122.4084994, 37.7909427]}",15,1612,578170000.0
34,5d83a90255488441b3fff57c,Yola,web,70,2007.0,,Free Websites,37.7911148,-122.3954751,USA,CA,San Francisco,Dolares estadounidenses,25000000.0,"{'type': 'Point', 'coordinates': [-122.3954751, 37.7911148]}",16,950,368570000.0
35,5d83a90255488441b3fff57d,Kongregate,games_video,20,2006.0,,Gaming social network,37.786942,-122.401245,USA,CA,San Francisco,Dolares estadounidenses,19000000.0,"{'type': 'Point', 'coordinates': [-122.401245, 37.786942]}",22,2000,714270000.0
36,5d83a90255488441b3fff57e,BitTorrent,web,80,2004.0,,Software and Internet Protocols,37.790998,-122.394668,USA,CA,San Francisco,Dolares estadounidenses,40800000.0,"{'type': 'Point', 'coordinates': [-122.394668, 37.790998]}",18,1490,417070000.0
37,5d83a90255488441b3fff57f,OpenTable,web,550,1998.0,,Online Restaurant Reservation Provider,37.785647,-122.405265,USA,CA,San Francisco,Dolares estadounidenses,48000000.0,"{'type': 'Point', 'coordinates': [-122.405265, 37.785647]}",17,1680,576170000.0
38,5d83a90255488441b3fff580,MocoSpace,games_video,25,2005.0,,Largest mobile games community in N Amer,42.350274,-71.058768,USA,MA,Boston,Dolares estadounidenses,10500000.0,"{'type': 'Point', 'coordinates': [-71.058768, 42.350274]}",2,50,13500000.0
39,5d83a90255488441b3fff581,Tutor,web,55,1998.0,,,40.707921,-74.004792,USA,NY,New York,Dolares estadounidenses,13500000.0,"{'type': 'Point', 'coordinates': [-74.004792, 40.707921]}",2,75,17140000.0
40,5d83a90255488441b3fff582,IMVU,web,150,2004.0,,Online 3D Community,37.3927975,-122.0727749,USA,CA,Mountain View,Dolares estadounidenses,29000000.0,"{'type': 'Point', 'coordinates': [-122.0727749, 37.3927975]}",6,1522,313730000.0
41,5d83a90255488441b3fff583,OMGPOP,games_video,50,2006.0,,Free online multiplayer game ,40.723384,-74.001704,USA,NY,New York,Dolares estadounidenses,16600000.000000002,"{'type': 'Point', 'coordinates': [-74.001704, 40.723384]}",7,633,123650000.0
42,5d83a90255488441b3fff584,SayNow,mobile,20,2005.0,,Reinventing the phone call,37.42746,-122.143915,USA,CA,Palo Alto,Dolares estadounidenses,7500000.0,"{'type': 'Point', 'coordinates': [-122.143915, 37.42746]}",1,20,7500000.0
43,5d83a90255488441b3fff585,PixSense,mobile,35,2003.0,,Monetizing User Generated Mobile Media,37.387114,-121.973228,USA,CA,Santa Clara,Dolares estadounidenses,7400000.0,"{'type': 'Point', 'coordinates': [-121.973228, 37.387114]}",4,285,67000000.0
44,5d83a90255488441b3fff586,Ooyala,analytics,300,2007.0,,"Video streaming, analytics, monetization",37.386665,-122.084171,USA,CA,Mountain View,Dolares estadounidenses,122000000.0,"{'type': 'Point', 'coordinates': [-122.084171, 37.386665]}",5,1051,294700000.0
45,5d83a90255488441b3fff587,Behance,web,30,2006.0,,,40.74406,-74.004592,USA,NY,New York,Dolares estadounidenses,6500000.0,"{'type': 'Point', 'coordinates': [-74.004592, 40.74406]}",2,130,9500000.0
46,5d83a90255488441b3fff588,Fixya,web,30,2013.0,,Tech Support Community,37.566879,-122.323895,USA,CA,San Mateo,Dolares estadounidenses,8000000.0,"{'type': 'Point', 'coordinates': [-122.323895, 37.566879]}",1,30,8000000.0
47,5d83a90255488441b3fff589,FlowPlay,games_video,30,2006.0,,Virtual world technology and games,47.6015315,-122.335943,USA,WA,Seattle,Dolares estadounidenses,3970000.0,"{'type': 'Point', 'coordinates': [-122.335943, 47.6015315]}",3,205,45870000.0
48,5d83a90255488441b3fff58a,Crunchyroll,games_video,50,2008.0,,Digital Entertainment and Media Platform,37.781265,-122.393229,USA,CA,San Francisco,Dolares estadounidenses,4800000.0,"{'type': 'Point', 'coordinates': [-122.393229, 37.781265]}",17,1534,418900000.0
49,5d83a90255488441b3fff58b,Mozilla,web,800,1998.0,,,37.418491,-122.08744,USA,CA,Mountain View,Dolares estadounidenses,2300000.0,"{'type': 'Point', 'coordinates': [-122.08744, 37.418491]}",6,1120,217400000.0
50,5d83a90255488441b3fff58c,Worklight,mobile,30,2006.0,,mobile application platform software,40.756799,-73.976348,USA,NY,New York,Dolares estadounidenses,17600000.0,"{'type': 'Point', 'coordinates': [-73.976348, 40.756799]}",5,490,253900000.0
51,5d83a90255488441b3fff58d,Rupture,games_video,25,,,Gaming Social Network,37.783898,-122.395234,USA,CA,San Francisco,Dolares estadounidenses,3000000.0,"{'type': 'Point', 'coordinates': [-122.395234, 37.783898]}",27,2662,706470000.0
52,5d83a90255488441b3fff58e,Polyvore,web,73,2007.0,,Social Shopping Platform,37.386175,-122.083487,USA,CA,Mountain View,Dolares estadounidenses,22100000.0,"{'type': 'Point', 'coordinates': [-122.083487, 37.386175]}",5,1051,294700000.0
53,5d83a90255488441b3fff58f,EchoSign,web,100,2005.0,,The Web's #1 Electronic Signature Servic,37.445326,-122.160671,USA,CA,Palo Alto,Dolares estadounidenses,8500000.0,"{'type': 'Point', 'coordinates': [-122.160671, 37.445326]}",4,340,71600000.0
54,5d83a90255488441b3fff590,Automattic,web,200,2005.0,,Develops publishing platforms,37.744274,-122.421344,USA,CA,San Francisco,Dolares estadounidenses,30600000.0,"{'type': 'Point', 'coordinates': [-122.421344, 37.744274]}",1,200,30600000.0
55,5d83a90255488441b3fff591,Baynote,software,80,2004.0,,,37.332271,-122.006539,USA,CA,San Jose,Dolares estadounidenses,27800000.0,"{'type': 'Point', 'coordinates': [-122.006539, 37.332271]}",1,80,27800000.0
56,5d83a90255488441b3fff592,Disqus,web,43,2007.0,,The Web's Community of Communities,37.786906,-122.397672,USA,CA,San Francisco,Dolares estadounidenses,10500000.0,"{'type': 'Point', 'coordinates': [-122.397672, 37.786906]}",24,2415,555470000.0
57,5d83a90255488441b3fff593,Vobile,web,120,2005.0,,,37.399208,-121.97895,USA,CA,Santa Clara,Dolares estadounidenses,10000000.0,"{'type': 'Point', 'coordinates': [-121.97895, 37.399208]}",1,120,10000000.0
58,5d83a90255488441b3fff594,RealSelf,web,23,2006.0,,,47.620716,-122.347533,USA,WA,Seattle,Dolares estadounidenses,1950000.0,"{'type': 'Point', 'coordinates': [-122.347533, 47.620716]}",4,196,24150000.0
59,5d83a90255488441b3fff595,Splunk,software,500,2003.0,,Machine data analytics,37.78274,-122.390945,USA,CA,San Francisco,Dolares estadounidenses,40000000.0,"{'type': 'Point', 'coordinates': [-122.390945, 37.78274]}",16,1514,423200000.0
60,5d83a90255488441b3fff596,Kewego,games_video,65,2003.0,,Video sharing and distribution,46.227638,2.213749,FRA,,Paris,Dolares estadounidenses,19400000.0,"{'type': 'Point', 'coordinates': [2.213749, 46.227638]}",1,65,19400000.0
61,5d83a90255488441b3fff597,HubPages,web,21,2006.0,,Most rewarding place to publish online,37.7876952,-122.3991505,USA,CA,San Francisco,Dolares estadounidenses,8000000.0,"{'type': 'Point', 'coordinates': [-122.3991505, 37.7876952]}",23,2500,754270000.0
62,5d83a90255488441b3fff598,Viadeo,social,400,2004.0,,Professional Social Network,48.8747064,2.3304161,FRA,,Paris,Dolares estadounidenses,50200000.0,"{'type': 'Point', 'coordinates': [2.3304161, 48.8747064]}",1,400,50200000.0
63,5d83a90255488441b3fff599,Qik,mobile,60,2006.0,,Live video casting from cell phones,37.486368,-122.230116,USA,CA,Redwood City,Dolares estadounidenses,14800000.0,"{'type': 'Point', 'coordinates': [-122.230116, 37.486368]}",2,80,48800000.0
64,5d83a90255488441b3fff59a,HubSpot,software,650,2006.0,,inbound marketing platform,42.375392,-71.118487,USA,MA,Cambridge,Dolares estadounidenses,131000000.0,"{'type': 'Point', 'coordinates': [-71.118487, 42.375392]}",1,650,131000000.0
65,5d83a90255488441b3fff59b,Bunchball,software,60,2005.0,,Gamification,37.3208403,-121.9479223,USA,CA,Redwood City,Dolares estadounidenses,12500000.0,"{'type': 'Point', 'coordinates': [-121.9479223, 37.3208403]}",1,60,12500000.0
66,5d83a90255488441b3fff59c,4Home,software,36,2006.0,,XML Based Mobile Software Platform,37.385225,-121.991912,USA,CA,Sunnyvale,Dolares estadounidenses,9150000.0,"{'type': 'Point', 'coordinates': [-121.991912, 37.385225]}",2,316,260150000.0
67,5d83a90255488441b3fff59d,Zynga,games_video,115,2007.0,,Network of gaming applications,37.765158,-122.404234,USA,CA,San Francisco,Dolares estadounidenses,860000000.0,"{'type': 'Point', 'coordinates': [-122.404234, 37.765158]}",4,380,919480000.0
68,5d83a90255488441b3fff59e,clipsync,web,28,2007.0,,Social TV,37.2906027,-121.9317853,USA,CA,San Francisco,Dolares estadounidenses,1510000.0,"{'type': 'Point', 'coordinates': [-121.9317853, 37.2906027]}",2,15028,8210000.0
69,5d83a90255488441b3fff59f,Craigslist,web,25,1995.0,,,37.762512,-122.46649,USA,CA,San Francisco,Dolares estadounidenses,13500000.0,"{'type': 'Point', 'coordinates': [-122.46649, 37.762512]}",1,25,13500000.0
70,5d83a90255488441b3fff5a0,Oddcast,web,65,1999.0,,,40.752325,-73.988477,USA,NY,New York,Dolares estadounidenses,4000000.0,"{'type': 'Point', 'coordinates': [-73.988477, 40.752325]}",5,309,148150000.0
71,5d83a90255488441b3fff5a1,Mixbook,web,90,2006.0,,Online Photo Book Software,37.383844,-121.918319,USA,CA,Palo Alto,Dolares estadounidenses,11000000.0,"{'type': 'Point', 'coordinates': [-121.918319, 37.383844]}",1,90,11000000.0
72,5d83a90255488441b3fff5a2,Escapia,software,23,2000.0,,Online Vacation Rental Software,47.613896,-122.3413,USA,WA,Seattle,Dolares estadounidenses,3600000.0,"{'type': 'Point', 'coordinates': [-122.3413, 47.613896]}",4,266,42050000.0
73,5d83a90255488441b3fff5a3,TheLadders,web,110,2003.0,,,40.725883,-74.006196,USA,NY,New York,Dolares estadounidenses,7250000.0,"{'type': 'Point', 'coordinates': [-74.006196, 40.725883]}",5,378,67850000.0
74,5d83a90255488441b3fff5a4,Evernote,software,280,2004.0,,Remember everything.,37.386774,-121.987661,USA,CA,Redwood City,Dolares estadounidenses,251000000.0,"{'type': 'Point', 'coordinates': [-121.987661, 37.386774]}",3,356,281050000.0
75,5d83a90255488441b3fff5a5,Inform Technologies,web,26,2004.0,,,40.744639,-73.983963,USA,NY,New York,Dolares estadounidenses,29300000.0,"{'type': 'Point', 'coordinates': [-73.983963, 40.744639]}",8,400,149780000.0
76,5d83a90255488441b3fff5a6,Intuit,software,8000,1983.0,,business & financial mgmt. solutions,37.428373,-122.097604,USA,CA,Mountain View,Dolares estadounidenses,6700000.0,"{'type': 'Point', 'coordinates': [-122.097604, 37.428373]}",2,8110,39700000.0
77,5d83a90255488441b3fff5a7,SugarSync,web,60,2004.0,,Data Sync and Online Backup,37.54763,-122.307887,USA,CA,San Mateo,Dolares estadounidenses,61000000.0,"{'type': 'Point', 'coordinates': [-122.307887, 37.54763]}",2,115,92200000.0
78,5d83a90255488441b3fff5a8,OLX,web,85,2006.0,,international online classifieds,40.8587524,-73.7258199,USA,NY,New York,Dolares estadounidenses,28500000.0,"{'type': 'Point', 'coordinates': [-73.7258199, 40.8587524]}",1,85,28500000.0
79,5d83a90255488441b3fff5a9,Phreesia,software,70,2005.0,,patient check-in software,40.739794,-73.985878,USA,NY,New York,Dolares estadounidenses,42700000.0,"{'type': 'Point', 'coordinates': [-73.985878, 40.739794]}",8,385,160280000.0
80,5d83a90255488441b3fff5aa,Boonty,games_video,150,2001.0,,,40.717248,-74.002662,USA,NY,New York,Dolares estadounidenses,10000000.0,"{'type': 'Point', 'coordinates': [-74.002662, 40.717248]}",4,328,83400000.0
81,5d83a90255488441b3fff5ab,Elance,web,100,1998.0,,Online Employment Platform,37.398022,-122.049143,USA,CA,Mountain View,Dolares estadounidenses,94800000.0,"{'type': 'Point', 'coordinates': [-122.049143, 37.398022]}",1,100,94800000.0
82,5d83a90255488441b3fff5ac,Clarizen,software,110,2005.0,,Work & Project management software,37.536044,-122.328401,USA,CA,San Mateo,Dolares estadounidenses,56000000.0,"{'type': 'Point', 'coordinates': [-122.328401, 37.536044]}",1,110,56000000.0
83,5d83a90255488441b3fff5ad,Next New Networks,web,121,2007.0,,Micro television network platform,40.743808,-73.983626,USA,NY,New York,Dolares estadounidenses,27100000.0,"{'type': 'Point', 'coordinates': [-73.983626, 40.743808]}",7,335,145780000.0
84,5d83a90255488441b3fff5ae,Replay Solutions,software,30,2004.0,,Software development management,37.512318,-122.200914,USA,CA,Redwood City,Dolares estadounidenses,15200000.0,"{'type': 'Point', 'coordinates': [-122.200914, 37.512318]}",1,30,15200000.0
85,5d83a90255488441b3fff5af,ShareThis,social,80,2007.0,,"sharing network, social influence",37.4203945,-122.0872274,USA,CA,Palo Alto,Dolares estadounidenses,82900000.0,"{'type': 'Point', 'coordinates': [-122.0872274, 37.4203945]}",6,1120,217400000.0
86,5d83a90255488441b3fff5b0,InMage Systems,software,150,2001.0,,disaster recovery (DR) software,37.381034,-121.971487,USA,CA,San Jose,Dolares estadounidenses,35900000.0,"{'type': 'Point', 'coordinates': [-121.971487, 37.381034]}",6,390,119300000.0
87,5d83a90255488441b3fff5b1,Mytopia,games_video,29,2007.0,,,34.007967,-118.489681,USA,CA,Palo Alto,Dolares estadounidenses,3500000.0,"{'type': 'Point', 'coordinates': [-118.489681, 34.007967]}",1,29,3500000.0
88,5d83a90255488441b3fff5b2,Zemanta,web,30,2007.0,,Related Content Recommendations,51.5141566,-0.0934254,GBR,,London,Dolares estadounidenses,7350000.0,"{'type': 'Point', 'coordinates': [-0.0934254, 51.5141566]}",2,80,9910000.0
89,5d83a90255488441b3fff5b3,Bango,mobile,70,1999.0,,Mobile payment & analytics,52.2155382,0.124024,GBR,,Cambridge,Dolares estadounidenses,10200000.0,"{'type': 'Point', 'coordinates': [0.124024, 52.2155382]}",1,70,10200000.0
90,5d83a90255488441b3fff5b4,Berkeley Design Automation,software,30,2001.0,, unified verification platform solutions,37.374659,-121.970209,USA,CA,Santa Clara,Dolares estadounidenses,20300000.0,"{'type': 'Point', 'coordinates': [-121.970209, 37.374659]}",4,315,91000000.0
91,5d83a90255488441b3fff5b5,Marketo,software,260,2006.0,,Marketing Automation Software,37.5583,-122.301385,USA,CA,San Mateo,Dolares estadounidenses,108000000.0,"{'type': 'Point', 'coordinates': [-122.301385, 37.5583]}",3,355,148700000.0
92,5d83a90255488441b3fff5b6,eYeka,software,40,2006.0,,Creative ideas for brands,48.856667,2.350987,FRA,,Paris,Dolares estadounidenses,9340000.0,"{'type': 'Point', 'coordinates': [2.350987, 48.856667]}",1,40,9340000.0
93,5d83a90255488441b3fff5b7,Cellufun,games_video,30,2005.0,,Mobile social gaming community,40.73993,-73.9930489,USA,NY,New York,Dolares estadounidenses,5230000.0,"{'type': 'Point', 'coordinates': [-73.9930489, 40.73993]}",9,8385,1160280000.0
94,5d83a90255488441b3fff5b8,GuardianEdge Technologies,software,85,2002.0,,enterprise endpoint data protection,37.778613,-122.395289,USA,CA,San Mateo,Dolares estadounidenses,19500000.0,"{'type': 'Point', 'coordinates': [-122.395289, 37.778613]}",12,1290,316900000.0
95,5d83a90255488441b3fff5b9,Mojiva,mobile,105,2008.0,,Mobile Advertising,40.7185614,-73.998662,USA,NY,New York,Dolares estadounidenses,45800000.0,"{'type': 'Point', 'coordinates': [-73.998662, 40.7185614]}",6,523,116400000.0
96,5d83a90255488441b3fff5ba,MUBI,games_video,20,2007.0,,streaming video on demand,37.44236,-122.161025,USA,CA,Palo Alto,Dolares estadounidenses,8250000.0,"{'type': 'Point', 'coordinates': [-122.161025, 37.44236]}",4,340,71600000.0
97,5d83a90255488441b3fff5bb,UserVoice,software,22,2008.0,,Online feedback and support software,36.9751032,-122.0253784,USA,CA,San Francisco,Dolares estadounidenses,1800000.0,"{'type': 'Point', 'coordinates': [-122.0253784, 36.9751032]}",1,22,1800000.0
98,5d83a90255488441b3fff5bc,Memeo,software,45,2003.0,,Data management Saas company,33.585767,-117.731283,USA,CA,Santa Clara,Dolares estadounidenses,11100000.0,"{'type': 'Point', 'coordinates': [-117.731283, 33.585767]}",1,45,11100000.0
99,5d83a90255488441b3fff5bd,Serious Business,games_video,22,2008.0,,Social Game Development Studio,37.7893215,-122.4013624,USA,CA,San Francisco,Dolares estadounidenses,4000000.0,"{'type': 'Point', 'coordinates': [-122.4013624, 37.7893215]}",20,1910,716470000.0
100,5d83a90255488441b3fff5be,FusionOps,analytics,25,2000.0,,collaboration software,37.3795251,-122.0106131,USA,CA,Sunnyvale,Dolares estadounidenses,6090000.0,"{'type': 'Point', 'coordinates': [-122.0106131, 37.3795251]}",1,25,6090000.0
101,5d83a90255488441b3fff5bf,Kabam,games_video,650,2006.0,,Leader in Gaming,37.3944561,-122.0785314,USA,CA,San Francisco,Dolares estadounidenses,125000000.0,"{'type': 'Point', 'coordinates': [-122.0785314, 37.3944561]}",6,1522,313730000.0
102,5d83a90255488441b3fff5c0,Cellfish,web,220,2004.0,,Global Mobile Media Publisher,40.761855,-73.983754,USA,NY,New York,Dolares estadounidenses,60000000.0,"{'type': 'Point', 'coordinates': [-73.983754, 40.761855]}",4,445,184900000.0
103,5d83a90255488441b3fff5c1,Zinch,web,80,2007.0,,Connecting students with opportunities,40.234451,-111.658656,USA,CA,San Francisco,Dolares estadounidenses,5000000.0,"{'type': 'Point', 'coordinates': [-111.658656, 40.234451]}",1,80,5000000.0
104,5d83a90255488441b3fff5c2,Aruspex,software,26,2003.0,,Workforce planning software,37.790346,-122.40185,USA,CA,San Francisco,Dolares estadounidenses,3770000.0,"{'type': 'Point', 'coordinates': [-122.40185, 37.790346]}",20,1910,716470000.0
105,5d83a90255488441b3fff5c3,Citizen Sports,games_video,27,,,,37.777513,-122.397044,USA,CA,San Francisco,Dolares estadounidenses,10000000.0,"{'type': 'Point', 'coordinates': [-122.397044, 37.777513]}",12,1397,351200000.0
106,5d83a90255488441b3fff5c4,VMware,software,13500,1998.0,,Virtualization Software,37.403315,-122.145981,USA,CA,Palo Alto,Dolares estadounidenses,369000000.0,"{'type': 'Point', 'coordinates': [-122.145981, 37.403315]}",1,13500,369000000.0
107,5d83a90255488441b3fff5c5,WSO2,software,228,2005.0,,Lean enterprise middleware vendor,37.390918,-122.080843,USA,CA,Palo Alto,Dolares estadounidenses,20500000.0,"{'type': 'Point', 'coordinates': [-122.080843, 37.390918]}",8,1895,457830000.0
108,5d83a90255488441b3fff5c6,Crowd Science,web,25,2007.0,,Online Market Research,37.419041,-122.087471,USA,CA,San Jose,Dolares estadounidenses,2000000.0,"{'type': 'Point', 'coordinates': [-122.087471, 37.419041]}",6,1120,217400000.0
109,5d83a90255488441b3fff5c7,Medallia,software,140,2002.0,,Customer Experience (CX) Software,37.4520239,-122.1797053,USA,CA,Palo Alto,Dolares estadounidenses,55000000.0,"{'type': 'Point', 'coordinates': [-122.1797053, 37.4520239]}",1,140,55000000.0
110,5d83a90255488441b3fff5c8,BrandYourself,web,22,2009.0,,Take Control of Your Own Search Results,42.275263,-71.24762,USA,NY,New York,Dolares estadounidenses,1500000.0,"{'type': 'Point', 'coordinates': [-71.24762, 42.275263]}",1,22,1500000.0
111,5d83a90255488441b3fff5c9,CrestaTech,software,40,2005.0,,software for wireless,37.383368,-121.980186,USA,CA,Santa Clara,Dolares estadounidenses,20900000.0,"{'type': 'Point', 'coordinates': [-121.980186, 37.383368]}",6,640,350000000.0
112,5d83a90255488441b3fff5ca,Transpera,mobile,20,2007.0,,mobile video advertising,37.785792,-122.405081,USA,CA,San Francisco,Dolares estadounidenses,19500000.0,"{'type': 'Point', 'coordinates': [-122.405081, 37.785792]}",17,1680,576170000.0
113,5d83a90255488441b3fff5cb,Keibi Technologies,software,30,2006.0,,Moderating Software for Social Networks ,37.787646,-122.402759,USA,CA,San Francisco,Dolares estadounidenses,5000000.0,"{'type': 'Point', 'coordinates': [-122.402759, 37.787646]}",20,1910,700970000.0
114,5d83a90255488441b3fff5cc,BountyJobs,web,45,2006.0,,Headhunting and recruiting marketplace,40.754211,-73.97917,USA,NY,New York,Dolares estadounidenses,29800000.0,"{'type': 'Point', 'coordinates': [-73.97917, 40.754211]}",6,555,257900000.0
115,5d83a90255488441b3fff5cd,FusionOne,mobile,140,1998.0,,,37.333439,-121.895286,USA,CA,San Jose,Dolares estadounidenses,6000000.0,"{'type': 'Point', 'coordinates': [-121.895286, 37.333439]}",1,140,6000000.0
116,5d83a90255488441b3fff5ce,thePlatform,web,130,2000.0,,White-label video management/publishing,47.617838,-122.356027,USA,WA,Seattle,Dolares estadounidenses,8000000.0,"{'type': 'Point', 'coordinates': [-122.356027, 47.617838]}",3,173,20550000.0
117,5d83a90255488441b3fff5cf,Pivot,software,40,2004.0,,,42.364367,-71.078978,USA,MA,Cambridge,Dolares estadounidenses,13100000.0,"{'type': 'Point', 'coordinates': [-71.078978, 42.364367]}",1,40,13100000.0
118,5d83a90255488441b3fff5d0,Wahanda,web,50,2008.0,,Wellness Community and Marketplace,41.792265,1.996567,GBR,,London,Libras,7000000.0,"{'type': 'Point', 'coordinates': [1.996567, 41.792265]}",1,50,7000000.0
119,5d83a90255488441b3fff5d1,Zendesk,software,400,2007.0,,customer service solution,55.676294,12.568116,USA,CA,San Francisco,Dolares estadounidenses,85500000.0,"{'type': 'Point', 'coordinates': [12.568116, 55.676294]}",1,400,85500000.0
120,5d83a90255488441b3fff5d2,Epocrates,software,300,1998.0,,Decision support at the point of care,37.544987,-122.291394,USA,CA,San Mateo,Dolares estadounidenses,35000000.0,"{'type': 'Point', 'coordinates': [-122.291394, 37.544987]}",2,340,38010000.0
121,5d83a90255488441b3fff5d3,MetaCarta,mobile,99999,2001.0,,,42.36236,-71.099692,USA,MA,Cambridge,Dolares estadounidenses,10000000.0,"{'type': 'Point', 'coordinates': [-71.099692, 42.36236]}",3,100184,63200000.0
122,5d83a90255488441b3fff5d4,Hunch,web,23,2007.0,,Decision making website.,40.741179,-73.993182,USA,NY,New York,Dolares estadounidenses,19200000.0,"{'type': 'Point', 'coordinates': [-73.993182, 40.741179]}",8,385,160280000.0
123,5d83a90255488441b3fff5d5,ngmoco,games_video,150,2008.0,,Games for the iPhone,37.7705096,-122.4015807,USA,CA,San Francisco,Dolares estadounidenses,44800000.0,"{'type': 'Point', 'coordinates': [-122.4015807, 37.7705096]}",5,407,929480000.0
124,5d83a90255488441b3fff5d6,Kontagent,analytics,80,2007.0,,Mobile Analytics,37.7797255,-122.4020593,USA,CA,San Francisco,Dolares estadounidenses,17500000.0,"{'type': 'Point', 'coordinates': [-122.4020593, 37.7797255]}",17,1534,391400000.0
125,5d83a90255488441b3fff5d7,Achievers,software,150,1995.0,,Employee Recognition and Rewards ,43.637296,-79.425455,USA,CA,San Francisco,Dolares estadounidenses,50100000.0,"{'type': 'Point', 'coordinates': [-79.425455, 43.637296]}",1,150,50100000.0
126,5d83a90255488441b3fff5d8,MobileAware,mobile,50,2000.0,,,53.342648,-6.280957,USA,MA,Boston,Dolares estadounidenses,6960000.0,"{'type': 'Point', 'coordinates': [-6.280957, 53.342648]}",1,50,6960000.0
127,5d83a90255488441b3fff5d9,SkyGrid,web,25,2005.0,, ,37.40754,-122.010958,USA,CA,Sunnyvale,Dolares estadounidenses,13300000.0,"{'type': 'Point', 'coordinates': [-122.010958, 37.40754]}",2,90,23300000.0
128,5d83a90255488441b3fff5da,UBmatrix,software,50,2005.0,,,37.522281,-122.258139,USA,CA,Redwood City,Dolares estadounidenses,9300000.0,"{'type': 'Point', 'coordinates': [-122.258139, 37.522281]}",3,1000,302600000.0
129,5d83a90255488441b3fff5db,MetaPack,software,30,1999.0,,,51.52216,-0.111242,GBR,,London,Dolares estadounidenses,20500000.0,"{'type': 'Point', 'coordinates': [-0.111242, 51.52216]}",3,107,25190000.0
130,5d83a90255488441b3fff5dc,Demandbase,analytics,80,2006.0,,,37.796843,-122.400346,USA,CA,San Francisco,Dolares estadounidenses,33000000.0,"{'type': 'Point', 'coordinates': [-122.400346, 37.796843]}",9,958,505070000.0
131,5d83a90255488441b3fff5dd,Swype,software,80,2002.0,,text input solutions,47.6495905,-122.3497956,USA,WA,Seattle,Dolares estadounidenses,13900000.0,"{'type': 'Point', 'coordinates': [-122.3497956, 47.6495905]}",2,172,28900000.0
132,5d83a90255488441b3fff5de,Telespree,software,20,1998.0,,,37.777092,-122.391011,USA,CA,San Francisco,Dolares estadounidenses,1000000.0,"{'type': 'Point', 'coordinates': [-122.391011, 37.777092]}",10,1167,288900000.0
133,5d83a90255488441b3fff5df,Gowalla,web,22,2007.0,,Mobile and Web Service,30.2729209,-97.7443863,USA,TX,Austin,Dolares estadounidenses,10400000.0,"{'type': 'Point', 'coordinates': [-97.7443863, 30.2729209]}",1,22,10400000.0
134,5d83a90255488441b3fff5e0,Mindjet,software,200,1995.0,,Collaboration software and solutions,50.095312,9.049981,USA,CA,San Francisco,Dolares estadounidenses,15000000.0,"{'type': 'Point', 'coordinates': [9.049981, 50.095312]}",1,200,15000000.0
135,5d83a90255488441b3fff5e1,Lolapps,web,65,2008.0,,,37.7870923,-122.3999719,USA,CA,San Francisco,Dolares estadounidenses,4000000.0,"{'type': 'Point', 'coordinates': [-122.3999719, 37.7870923]}",23,2500,754270000.0
136,5d83a90255488441b3fff5e2,Lyft,software,180,2007.0,,Your friend with a carâ„¢,37.7899027,-122.4007846,USA,CA,San Francisco,Dolares estadounidenses,82500000.0,"{'type': 'Point', 'coordinates': [-122.4007846, 37.7899027]}",20,1910,716470000.0
137,5d83a90255488441b3fff5e3,Nexenta Systems,software,200,2005.0,,Global Leader in Software-Defined Storag,37.444098,-122.161287,USA,CA,Santa Clara,Dolares estadounidenses,49900000.0,"{'type': 'Point', 'coordinates': [-122.161287, 37.444098]}",4,340,71600000.0
138,5d83a90255488441b3fff5e4,Viximo,web,20,,,Virtual Goods Platform,42.398424,-71.130297,USA,MA,Cambridge,Dolares estadounidenses,5000000.0,"{'type': 'Point', 'coordinates': [-71.130297, 42.398424]}",1,20,5000000.0
139,5d83a90255488441b3fff5e5,Sentrigo,software,40,2006.0,,database security software,37.55911,-122.303493,USA,CA,Santa Clara,Dolares estadounidenses,9500000.0,"{'type': 'Point', 'coordinates': [-122.303493, 37.55911]}",3,355,148700000.0
140,5d83a90255488441b3fff5e6,Nuxeo,software,50,2000.0,,Content Management Platform,48.8656319,2.392119,FRA,,Paris,Dolares estadounidenses,9250000.0,"{'type': 'Point', 'coordinates': [2.392119, 48.8656319]}",1,50,9250000.0
141,5d83a90255488441b3fff5e7,Movirtu,mobile,50,2008.0,,Virtual SIM Solutions,51.5499708,-0.1815999,GBR,,London,Dolares estadounidenses,5500000.0,"{'type': 'Point', 'coordinates': [-0.1815999, 51.5499708]}",1,50,5500000.0
142,5d83a90255488441b3fff5e8,SLI Systems,web,45,2001.0,,,37.3183744,-122.0302814,USA,CA,San Jose,Dolares estadounidenses,1000000.0,"{'type': 'Point', 'coordinates': [-122.0302814, 37.3183744]}",1,45,1000000.0
143,5d83a90255488441b3fff5e9,Yipit,web,23,2010.0,,Every deal. One place.,40.744618,-73.987764,USA,NY,New York,Dolares estadounidenses,7550000.0,"{'type': 'Point', 'coordinates': [-73.987764, 40.744618]}",8,400,149780000.0
144,5d83a90255488441b3fff5ea,Tableau Software,software,92,2003.0,,,47.6504518,-122.3545086,USA,WA,Seattle,Dolares estadounidenses,15000000.0,"{'type': 'Point', 'coordinates': [-122.3545086, 47.6504518]}",2,172,28900000.0
145,5d83a90255488441b3fff5eb,Virtual Bridges,software,45,2006.0,,Leading Desktop Virtualization Solution,30.27995,-97.807274,USA,TX,Austin,Dolares estadounidenses,4000000.0,"{'type': 'Point', 'coordinates': [-97.807274, 30.27995]}",1,45,4000000.0
146,5d83a90255488441b3fff5ec,Verix,software,40,2003.0,,,37.4187022,-122.0874129,USA,CA,Mountain View,Dolares estadounidenses,12700000.0,"{'type': 'Point', 'coordinates': [-122.0874129, 37.4187022]}",6,1120,217400000.0
147,5d83a90255488441b3fff5ed,SolarWinds,software,354,1999.0,,Network Management Software,30.245535,-97.805621,USA,TX,Austin,Dolares estadounidenses,218000000.0,"{'type': 'Point', 'coordinates': [-97.805621, 30.245535]}",1,354,218000000.0
148,5d83a90255488441b3fff5ee,ClickSquared,software,175,1999.0,,Cloud Marketing Software,42.3913892,-71.2709869,USA,MA,Boston,Dolares estadounidenses,56700000.0,"{'type': 'Point', 'coordinates': [-71.2709869, 42.3913892]}",1,175,56700000.0
149,5d83a90255488441b3fff5ef,Packet Design,software,60,2003.0,,,37.3821368,-121.970505,USA,CA,Santa Clara,Dolares estadounidenses,2800000.0,"{'type': 'Point', 'coordinates': [-121.970505, 37.3821368]}",5,315,87300000.0
150,5d83a90255488441b3fff5f0,RGB Networks,games_video,125,2003.0,,network video processing solutions,37.4123706,-122.0216271,USA,CA,Sunnyvale,Dolares estadounidenses,52000000.0,"{'type': 'Point', 'coordinates': [-122.0216271, 37.4123706]}",2,13725,58800000.0
151,5d83a90255488441b3fff5f1,Klout,social,79,2008.0,,Measures Online Influence,34.0497638,-118.2474287,USA,CA,San Francisco,Dolares estadounidenses,40000000.0,"{'type': 'Point', 'coordinates': [-118.2474287, 34.0497638]}",1,79,40000000.0
152,5d83a90255488441b3fff5f2,Double Fusion,web,80,2004.0,,"round-game, and web-based solutions",37.7887135,-122.3927145,USA,CA,San Francisco,Dolares estadounidenses,59000000.0,"{'type': 'Point', 'coordinates': [-122.3927145, 37.7887135]}",19,1560,410870000.0
153,5d83a90255488441b3fff5f3,5th Finger,mobile,50,2008.0,,Responsive Design Solutions Provider,37.7900992,-122.4021988,USA,CA,San Francisco,Dolares estadounidenses,7000000.0,"{'type': 'Point', 'coordinates': [-122.4021988, 37.7900992]}",20,1910,716470000.0
154,5d83a90255488441b3fff5f4,Mantara,software,50,2003.0,,Integrated high-speed trading solutions.,40.726517,-74.032177,USA,NY,New York,Dolares estadounidenses,50600000.0,"{'type': 'Point', 'coordinates': [-74.032177, 40.726517]}",1,50,50600000.0
155,5d83a90255488441b3fff5f5,Adaptive Planning,software,65,2003.0,,Business Performance Management,37.4192309,-122.0887097,USA,CA,Mountain View,Dolares estadounidenses,84500000.0,"{'type': 'Point', 'coordinates': [-122.0887097, 37.4192309]}",6,1120,217400000.0
156,5d83a90255488441b3fff5f6,mydeco,web,35,2007.0,,Online homewares ecommerce site,51.518101,-0.468617,GBR,,London,Libras,12500000.0,"{'type': 'Point', 'coordinates': [-0.468617, 51.518101]}",1,35,12500000.0
157,5d83a90255488441b3fff5f7,WebLayers,software,50,2002.0,,Services for IT Architecture,42.377535,-71.149057,USA,MA,Cambridge,Dolares estadounidenses,10000000.0,"{'type': 'Point', 'coordinates': [-71.149057, 42.377535]}",1,50,10000000.0
158,5d83a90255488441b3fff5f8,Good Technology,mobile,800,1996.0,,Multi-platform enterprise mobility,37.518539,-122.254275,USA,CA,Sunnyvale,Dolares estadounidenses,271000000.0,"{'type': 'Point', 'coordinates': [-122.254275, 37.518539]}",3,1000,302600000.0
159,5d83a90255488441b3fff5f9,Skout,social,100,2007.0,,Mobile App for Meeting New People,37.7800539,-122.3912492,USA,CA,San Francisco,Dolares estadounidenses,22000000.0,"{'type': 'Point', 'coordinates': [-122.3912492, 37.7800539]}",13,1370,375900000.0
160,5d83a90255488441b3fff5fa,Backchannelmedia,software,25,2000.0,,Interactive TV Software Developer,42.3514855,-71.0572879,USA,MA,Boston,Dolares estadounidenses,3000000.0,"{'type': 'Point', 'coordinates': [-71.0572879, 42.3514855]}",2,50,13500000.0
161,5d83a90255488441b3fff5fb,NEXAGE,mobile,60,2006.0,,Mobile Ad RTB Exchange,37.4777028,-121.9250553,USA,MA,Boston,Dolares estadounidenses,19500000.0,"{'type': 'Point', 'coordinates': [-121.9250553, 37.4777028]}",1,60,19500000.0
162,5d83a90255488441b3fff5fc,Medio,software,90,2004.0,,,47.611827,-122.331308,USA,WA,Seattle,Dolares estadounidenses,30000000.0,"{'type': 'Point', 'coordinates': [-122.331308, 47.611827]}",5,316,67400000.0
163,5d83a90255488441b3fff5fd,Questra,software,45,,,Internet Download Manager,37.5384185,-122.252115,USA,CA,Redwood City,Dolares estadounidenses,12500000.0,"{'type': 'Point', 'coordinates': [-122.252115, 37.5384185]}",2,245,40500000.0
164,5d83a90255488441b3fff5fe,Quantum Secure,software,160,2004.0,,Physical Identity Access Management,37.367838,-121.915594,USA,CA,San Jose,Dolares estadounidenses,3540000.0,"{'type': 'Point', 'coordinates': [-121.915594, 37.367838]}",1,160,3540000.0
165,5d83a90255488441b3fff5ff,L4 Mobile,mobile,25,2008.0,,Concept to delivery- mobile services,47.676762,-122.2049192,USA,WA,Seattle,Dolares estadounidenses,4800000.0,"{'type': 'Point', 'coordinates': [-122.2049192, 47.676762]}",1,25,4800000.0
166,5d83a90255488441b3fff600,CyberArts,software,55,,,Gaming software developer,37.737609,-122.435399,USA,CA,San Francisco,Dolares estadounidenses,16300000.0,"{'type': 'Point', 'coordinates': [-122.435399, 37.737609]}",1,55,16300000.0
167,5d83a90255488441b3fff601,Major League Gaming,games_video,45,2002.0,,Global Leader in eSports,40.752672,-73.97593,USA,NY,New York,Dolares estadounidenses,69000000.0,"{'type': 'Point', 'coordinates': [-73.97593, 40.752672]}",4,270,193900000.0
168,5d83a90255488441b3fff602,Optify,software,45,2008.0,,Digital Marketing Software,47.603364,-122.333359,USA,WA,Seattle,Dolares estadounidenses,10800000.0,"{'type': 'Point', 'coordinates': [-122.333359, 47.603364]}",5,425,82370000.0
169,5d83a90255488441b3fff603,Unity Technologies,games_video,200,2004.0,,Democratizing interactive 3D,55.6924605,12.530107,USA,CA,San Francisco,Dolares estadounidenses,17500000.0,"{'type': 'Point', 'coordinates': [12.530107, 55.6924605]}",1,200,17500000.0
170,5d83a90255488441b3fff604,SpaBooker,software,42,2007.0,,Online Reservations and Point-of-Sale,40.738567,-73.987199,USA,NY,New York,Dolares estadounidenses,14700000.0,"{'type': 'Point', 'coordinates': [-73.987199, 40.738567]}",9,8385,1160280000.0
171,5d83a90255488441b3fff605,Mendeley,social,27,2008.0,,Research management and collaboration,51.5224267,-0.1046546,GBR,,London,Dolares estadounidenses,2130000.0,"{'type': 'Point', 'coordinates': [-0.1046546, 51.5224267]}",3,107,25190000.0
172,5d83a90255488441b3fff606,GameChanger Media,software,20,2009.0,,Digital platform for amateur sports.,40.7078343,-74.0136605,USA,NY,New York,Dolares estadounidenses,3640000.0,"{'type': 'Point', 'coordinates': [-74.0136605, 40.7078343]}",2,75,17140000.0
173,5d83a90255488441b3fff607,Owlient,games_video,40,2005.0,,Browser games & community services,48.8308091,2.3032201,FRA,,Paris,Euros,3000000.0,"{'type': 'Point', 'coordinates': [2.3032201, 48.8308091]}",1,40,3000000.0
174,5d83a90255488441b3fff608,SCVNGR,games_video,60,2008.0,,"part game, part game platform",42.3406534,-71.0680027,USA,MA,Boston,Dolares estadounidenses,40800000.0,"{'type': 'Point', 'coordinates': [-71.0680027, 42.3406534]}",1,60,40800000.0
175,5d83a90255488441b3fff609,ZillionTV,games_video,100,,,Customized television service,37.3738725,-121.9973546,USA,CA,Sunnyvale,Dolares estadounidenses,18100000.0,"{'type': 'Point', 'coordinates': [-121.9973546, 37.3738725]}",1,100,18100000.0
176,5d83a90255488441b3fff60a,Zinwave,mobile,22,2005.0,,wireless signal systems technology,52.1367844,0.0732335,GBR,,Cambridge,Libras,15100000.0,"{'type': 'Point', 'coordinates': [0.0732335, 52.1367844]}",1,22,15100000.0
177,5d83a90255488441b3fff60b,Z2Live,games_video,130,2009.0,,Mobile Games,47.6103008,-122.3399782,USA,WA,Seattle,Dolares estadounidenses,6500000.0,"{'type': 'Point', 'coordinates': [-122.3399782, 47.6103008]}",4,288,50900000.0
178,5d83a90255488441b3fff60c,Nimsoft,software,150,2002.0,,Performance and Availability Monitoring,37.524851,-122.257185,USA,CA,Redwood City,Dolares estadounidenses,22300000.0,"{'type': 'Point', 'coordinates': [-122.257185, 37.524851]}",3,1000,302600000.0
179,5d83a90255488441b3fff60d,MetricStream,software,1000,1999.0,,Business Governance and Compliance,37.446535,-122.118794,USA,CA,Palo Alto,Dolares estadounidenses,65000000.0,"{'type': 'Point', 'coordinates': [-122.118794, 37.446535]}",1,1000,65000000.0
180,5d83a90255488441b3fff60e,Chartbeat,analytics,50,2009.0,,Realtime Web analytics,40.73343,-73.990967,USA,NY,New York,Dolares estadounidenses,14500000.0,"{'type': 'Point', 'coordinates': [-73.990967, 40.73343]}",8,8410,1129330000.0
181,5d83a90255488441b3fff60f,Basho Technologies,software,110,2007.0,,Distributed Database and Cloud Storage ,42.365867,-71.092285,USA,MA,Cambridge,Dolares estadounidenses,29900000.0,"{'type': 'Point', 'coordinates': [-71.092285, 42.365867]}",3,100184,63200000.0
182,5d83a90255488441b3fff610,Milo,web,20,2008.0,,Local Shopping,37.444531,-122.163352,USA,CA,Palo Alto,Dolares estadounidenses,4950000.0,"{'type': 'Point', 'coordinates': [-122.163352, 37.444531]}",4,340,71600000.0
183,5d83a90255488441b3fff611,Servo Software,software,40,2008.0,,Wireless software provider,37.552262,-122.292146,USA,CA,San Mateo,Dolares estadounidenses,3010000.0,"{'type': 'Point', 'coordinates': [-122.292146, 37.552262]}",3,395,69210000.0
184,5d83a90255488441b3fff612,AeroScout,mobile,200,1999.0,,Real-Time Location System (RTLS),37.5353434,-122.2558368,USA,CA,Redwood City,Dolares estadounidenses,28000000.0,"{'type': 'Point', 'coordinates': [-122.2558368, 37.5353434]}",2,245,40500000.0
185,5d83a90255488441b3fff613,RainStor,analytics,40,2004.0,,DB for Managing & Analyzing Big Data,51.865488,-2.235187,USA,CA,San Francisco,Dolares estadounidenses,26300000.0,"{'type': 'Point', 'coordinates': [-2.235187, 51.865488]}",1,40,26300000.0
186,5d83a90255488441b3fff614,Metreos Corporation,software,20,2001.0,,IP Telephony Development Tools,30.2350399,-97.8001299,USA,TX,Austin,Dolares estadounidenses,4360000.0,"{'type': 'Point', 'coordinates': [-97.8001299, 30.2350399]}",1,20,4360000.0
187,5d83a90255488441b3fff615,Upland Software,software,75,1998.0,,Enterprise Software,42.3656123,-71.0922022,USA,MA,Cambridge,Dolares estadounidenses,23300000.0,"{'type': 'Point', 'coordinates': [-71.0922022, 42.3656123]}",3,100184,63200000.0
188,5d83a90255488441b3fff616,2 Minutes,games_video,105,2000.0,,Animation studio,48.8502056,2.3698033,FRA,,Paris,Dolares estadounidenses,1660000.0,"{'type': 'Point', 'coordinates': [2.3698033, 48.8502056]}",1,105,1660000.0
189,5d83a90255488441b3fff617,Electric Cloud,software,75,2002.0,,Software Production Management Solutions,37.3903639,-122.0325963,USA,CA,Sunnyvale,Dolares estadounidenses,25600000.0,"{'type': 'Point', 'coordinates': [-122.0325963, 37.3903639]}",1,75,25600000.0
190,5d83a90255488441b3fff618,isango!,web,50,2006.0,,Travel experiences and activities,51.519816,-0.1361616,GBR,,London,Dolares estadounidenses,8000000.0,"{'type': 'Point', 'coordinates': [-0.1361616, 51.519816]}",2,156,36100000.0
191,5d83a90255488441b3fff619,Tribold,software,106,2003.0,,Enterprise Product Management Software,51.5209358,-0.1424094,GBR,,London,Dolares estadounidenses,28100000.0,"{'type': 'Point', 'coordinates': [-0.1424094, 51.5209358]}",2,156,36100000.0
192,5d83a90255488441b3fff61a,UTOPY,software,40,1999.0,,,37.767575,-122.411157,USA,CA,San Francisco,Dolares estadounidenses,7500000.0,"{'type': 'Point', 'coordinates': [-122.411157, 37.767575]}",4,380,919480000.0
193,5d83a90255488441b3fff61b,Exent,games_video,100,1992.0,,Games on Demand Leader,40.7523796,-74.005568,USA,NY,New York,Dolares estadounidenses,3000000.0,"{'type': 'Point', 'coordinates': [-74.005568, 40.7523796]}",2,130,9500000.0
194,5d83a90255488441b3fff61c,WiNetworks,mobile,47,2002.0,,WiMAX systems,40.770437,-73.990426,USA,NY,New York,Dolares estadounidenses,19000000.0,"{'type': 'Point', 'coordinates': [-73.990426, 40.770437]}",1,47,19000000.0
195,5d83a90255488441b3fff61d,OpTier,analytics,150,2005.0,,Application Management Software,40.754937,-73.985647,USA,NY,New York,Dolares estadounidenses,77500000.0,"{'type': 'Point', 'coordinates': [-73.985647, 40.754937]}",6,555,257900000.0
196,5d83a90255488441b3fff61e,Jasper Design Automation,software,44,1999.0,,EDA software,37.393536,-122.076747,USA,CA,Mountain View,Dolares estadounidenses,9130000.0,"{'type': 'Point', 'coordinates': [-122.076747, 37.393536]}",6,1522,313730000.0
197,5d83a90255488441b3fff61f,AlterPoint,software,35,2001.0,,Network Governance Software,30.354768,-97.798152,USA,TX,Austin,Dolares estadounidenses,26800000.0,"{'type': 'Point', 'coordinates': [-97.798152, 30.354768]}",1,35,26800000.0
198,5d83a90255488441b3fff620,Testplant,software,50,2008.0,,GUI test tool,51.517356,-0.1037742,GBR,,London,Dolares estadounidenses,2560000.0,"{'type': 'Point', 'coordinates': [-0.1037742, 51.517356]}",4,137,32540000.0
199,5d83a90255488441b3fff621,Venturi Wireless,mobile,65,1993.0,,3G mobile optimization solutions,37.4099985,-122.0018725,USA,CA,Sunnyvale,Dolares estadounidenses,10000000.0,"{'type': 'Point', 'coordinates': [-122.0018725, 37.4099985]}",2,90,23300000.0
